{
    "model_name": "Phase 2 - Pre and Post-flight (Random Forest)",
    "training_date": "2026-06-28T19:56:59.727766",
    "features": [
        "Age",
        "Flight Distance",
        "Gender",
        "Customer Type",
        "Type of Travel",
        "Class",
        "Arrival Delay in Minutes",
        "Seat comfort",
        "Departure/Arrival time convenient",
        "Food and drink",
        "Gate location",
        "Inflight wifi service",
        "Inflight entertainment",
        "Online support",
        "Ease of Online booking",
        "On-board service",
        "Leg room service",
        "Baggage handling",
        "Checkin service",
        "Cleanliness",
        "Online boarding"
    ],
    "hyperparameters": {
        "bootstrap": true,
        "ccp_alpha": 0.0,
        "class_weight": "balanced",
        "criterion": "gini",
        "max_depth": 24,
        "max_features": "sqrt",
        "max_leaf_nodes": null,
        "max_samples": null,
        "min_impurity_decrease": 0.0,
        "min_samples_leaf": 1,
        "min_samples_split": 102,
        "min_weight_fraction_leaf": 0.0,
        "monotonic_cst": null,
        "n_estimators": 227,
        "n_jobs": -1,
        "oob_score": false,
        "random_state": 42,
        "verbose": 0,
        "warm_start": false
    },
    "validation_metrics": {
        "accuracy": 0.9493,
        "f1_score_weighted": 0.9493,
        "precision": 0.9665,
        "recall": 0.9399,
        "roc_auc": 0.9905,
        "confusion_matrix": [
            [
                11296,
                463
            ],
            [
                855,
                13362
            ]
        ],
        "roc_curve": {
            "fpr": [
                0.0,
                0.0,
                0.0,
                0.0,
                0.0,
                0.0,
                0.0,
                0.0,
                0.0008504124500382685,
                0.0027213198401224593,
                0.004762309720214304,
                0.006803299600306148,
                0.009354536950420954,
                0.011990815545539586,
                0.015392465345692661,
                0.018028743940811293,
                0.020750063780933754,
                0.023981631091079172,
                0.026873033421209287,
                0.029934518241347054,
                0.033081044306488644,
                0.03648269410664172,
                0.039629220171783316,
                0.04269070499192108,
                0.046942767242112424,
                0.051279870737307595,
                0.057232757887575474,
                0.06335572752785101,
                0.06803299600306148,
                0.0718598520282337,
                0.07500637809337529,
                0.08070414150863169,
                0.09014371970405646,
                0.09694701930436261,
                0.10468577259971086,
                0.1130198146100859,
                0.11897270176035377,
                0.12866740369079002,
                0.1392975593162684,
                0.14780168381665107,
                0.15843183944212944,
                0.1662556339824815,
                0.17424951101284122,
                0.186155285313377,
                0.1997618845139893,
                0.2226379794200187,
                0.2597159622416872,
                0.28327238710774727,
                0.32383706097457265,
                0.3951866655327834,
                0.5411174419593503
            ],
            "tpr": [
                0.0,
                0.08264753464162622,
                0.0933389603995217,
                0.10564816768657241,
                0.11894211155658718,
                0.13279876204543856,
                0.15101638883027363,
                0.18738130407258916,
                0.8234507983400154,
                0.8584089470352395,
                0.8738130407258915,
                0.888654427797707,
                0.8956179222058099,
                0.9036364915242315,
                0.9084194977843427,
                0.9162973904480551,
                0.9206583667440388,
                0.9240346064570585,
                0.9285362594077513,
                0.9319828374481255,
                0.935218400506436,
                0.9377505802912007,
                0.9401420834212563,
                0.9430259548427938,
                0.9470352395020046,
                0.9493564043047056,
                0.9522402757262433,
                0.9541394105648168,
                0.9567419286769361,
                0.9592037701343462,
                0.9618766265738201,
                0.9642681297038757,
                0.9664486178518675,
                0.968347752690441,
                0.9702468875290146,
                0.9721460223675881,
                0.9739044805514525,
                0.976295983681508,
                0.9782654568474362,
                0.9803756066680734,
                0.9819933881972287,
                0.9839628613631568,
                0.9857213195470211,
                0.9874797777308856,
                0.9896602658788775,
                0.991207709080678,
                0.9928254906098333,
                0.9944432721389885,
                0.9959203770134346,
                0.9975381585425899,
                0.999015263417036
            ]
        }
    }
}