{
    "model_name": "Phase 1 - Pre-flight (Random Forest)",
    "training_date": "2026-06-28T19:56:56.774131",
    "features": [
        "Age",
        "Flight Distance",
        "Gender",
        "Customer Type",
        "Type of Travel",
        "Class"
    ],
    "hyperparameters": {
        "bootstrap": true,
        "ccp_alpha": 0.0,
        "class_weight": "balanced",
        "criterion": "gini",
        "max_depth": 13,
        "max_features": "log2",
        "max_leaf_nodes": null,
        "max_samples": null,
        "min_impurity_decrease": 0.0,
        "min_samples_leaf": 1,
        "min_samples_split": 143,
        "min_weight_fraction_leaf": 0.0,
        "monotonic_cst": null,
        "n_estimators": 126,
        "n_jobs": -1,
        "oob_score": false,
        "random_state": 42,
        "verbose": 0,
        "warm_start": false
    },
    "validation_metrics": {
        "accuracy": 0.7861,
        "f1_score_weighted": 0.7859,
        "precision": 0.7996,
        "recall": 0.8129,
        "roc_auc": 0.8436,
        "confusion_matrix": [
            [
                8862,
                2897
            ],
            [
                2660,
                11557
            ]
        ],
        "roc_curve": {
            "fpr": [
                0.0,
                0.006378093375287015,
                0.013606599200612296,
                0.020324857555914618,
                0.02644782719619015,
                0.03299600306148482,
                0.039544178926779486,
                0.04532698358703972,
                0.05213028318734586,
                0.05927374776766732,
                0.06565184114295433,
                0.0718598520282337,
                0.07908835785355897,
                0.08623182243388043,
                0.09320520452419423,
                0.10051875159452335,
                0.10825750488987158,
                0.11540096947019304,
                0.12296964027553363,
                0.13189897100093545,
                0.14108342546134875,
                0.1500977974317544,
                0.1617484479972787,
                0.1719533973977379,
                0.1830087592482354,
                0.19457436856875585,
                0.20503444170422655,
                0.21745046347478528,
                0.2324177225954588,
                0.24866060039118973,
                0.2637129007568671,
                0.27876520112254444,
                0.2954332851432945,
                0.3114210392040139,
                0.33047027808487117,
                0.3517305893358279,
                0.3723956118717578,
                0.3927204694276724,
                0.41551152308869804,
                0.4421294327748958,
                0.46976783740113953,
                0.49995747937749807,
                0.5292116676588146,
                0.583978229441279,
                0.6452929670890382,
                0.6980185389914109,
                0.7527851007738753,
                0.8080619100263627,
                0.866400204098988,
                0.9195509822263798,
                0.9792499362190662
            ],
            "tpr": [
                0.0,
                0.0341844270943237,
                0.06590701273123725,
                0.09509741858338609,
                0.125764929309981,
                0.15678413167334881,
                0.18977280720264472,
                0.21896321305479355,
                0.25258493353028066,
                0.283182105929521,
                0.3115987901807695,
                0.3440247590912288,
                0.3724414433424773,
                0.403812337342618,
                0.43342477315889427,
                0.4624041640289794,
                0.49525216290356616,
                0.5315467398185271,
                0.5647464303298868,
                0.5982978124780193,
                0.629317014841387,
                0.6554828726172892,
                0.678694520644299,
                0.7012027853977633,
                0.7244847717521278,
                0.7460786382499824,
                0.7670394598016459,
                0.7847647182949989,
                0.8014349018780333,
                0.8146585074206936,
                0.8300626011113456,
                0.8439895899275516,
                0.859815713582331,
                0.8728283041429274,
                0.8857705563761694,
                0.8969543504255468,
                0.9088415277484702,
                0.9185482169234016,
                0.9295209959907154,
                0.9383836252373918,
                0.946472532883168,
                0.9545614405289442,
                0.9620876415558838,
                0.9686994443272139,
                0.9739044805514525,
                0.9790391784483365,
                0.9834704930716748,
                0.9881128226770768,
                0.9924737989730604,
                0.997186466905817,
                1.0
            ]
        }
    }
}